observation_date, DJIA 
9/16/15,16739.95
9/17/15,16674.74
9/18/15,16384.58
9/21/15,16510.19
9/22/15,16330.47
9/23/15,16279.89
9/24/15,16201.32
9/25/15,16314.67
9/28/15,16001.89
9/29/15,16049.13
9/30/15,16284.7
10/1/15,16272.01
10/2/15,16472.37
10/5/15,16776.43
10/6/15,16790.19
10/7/15,16912.29
10/8/15,17050.75
10/9/15,17084.49
10/12/15,17131.86
10/13/15,17081.89
10/14/15,16924.75
10/15/15,17141.75
10/16/15,17215.97
10/19/15,17230.54
10/20/15,17217.11
10/21/15,17168.61
10/22/15,17489.16
10/23/15,17646.7
10/26/15,17623.05
10/27/15,17581.43
10/28/15,17779.52
10/29/15,17755.8
10/30/15,17663.54
11/2/15,17828.76
11/3/15,17918.15
11/4/15,17867.58
11/5/15,17863.43
11/6/15,17910.33
11/9/15,17730.48
11/10/15,17758.21
11/11/15,17702.22
11/12/15,17448.07
11/13/15,17245.24
11/16/15,17483.01
11/17/15,17489.5
11/18/15,17737.16
11/19/15,17732.75
11/20/15,17823.81
11/23/15,17792.68
11/24/15,17812.19
11/25/15,17813.39
11/26/15,
11/27/15,17798.49
11/30/15,17719.92
12/1/15,17888.35
12/2/15,17729.68
12/3/15,17477.67
12/4/15,17847.63
12/7/15,17730.51
12/8/15,17568
12/9/15,17492.3
12/10/15,17574.75
12/11/15,17265.21
12/14/15,17368.5
12/15/15,17524.91
12/16/15,17749.09
12/17/15,17495.84
12/18/15,17128.55
12/21/15,17251.62
12/22/15,17417.27
12/23/15,17602.61
12/24/15,17552.17
12/25/15,
12/28/15,17528.27
12/29/15,17720.98
12/30/15,17603.87
12/31/15,17425.03
1/1/16,
1/4/16,17148.94
1/5/16,17158.66
1/6/16,16906.51
1/7/16,16514.1
1/8/16,16346.45
1/11/16,16398.57
1/12/16,16516.22
1/13/16,16151.41
1/14/16,16379.05
1/15/16,15988.08
1/18/16,
1/19/16,16016.02
1/20/16,15766.74
1/21/16,15882.68
1/22/16,16093.51
1/25/16,15885.22
1/26/16,16167.23
1/27/16,15944.46
1/28/16,16069.64
1/29/16,16466.3
2/1/16,16449.18
2/2/16,16153.54
2/3/16,16336.66
2/4/16,16416.58
2/5/16,16204.97
2/8/16,16027.05
2/9/16,16014.38
2/10/16,15914.74
2/11/16,15660.18
2/12/16,15973.84
2/15/16,
2/16/16,16196.41
2/17/16,16453.83
2/18/16,16413.43
2/19/16,16391.99
2/22/16,16620.66
2/23/16,16431.78
2/24/16,16484.99
2/25/16,16697.29
2/26/16,16639.97
2/29/16,16516.5
3/1/16,16865.08
3/2/16,16899.32
3/3/16,16943.9
3/4/16,17006.77
3/7/16,17073.95
3/8/16,16964.1
3/9/16,17000.36
3/10/16,16995.13
3/11/16,17213.31
3/14/16,17229.13
3/15/16,17251.53
3/16/16,17325.76
3/17/16,17481.49
3/18/16,17602.3
3/21/16,17623.87
3/22/16,17582.57
3/23/16,17502.59
3/24/16,17515.73
3/25/16,
3/28/16,17535.39
3/29/16,17633.11
3/30/16,17716.66
3/31/16,17685.09
4/1/16,17792.75
4/4/16,17737
4/5/16,17603.32
4/6/16,17716.05
4/7/16,17541.96
4/8/16,17576.96
4/11/16,17556.41
4/12/16,17721.25
4/13/16,17908.28
4/14/16,17926.43
4/15/16,17897.46
4/18/16,18004.16
4/19/16,18053.6
4/20/16,18096.27
4/21/16,17982.52
4/22/16,18003.75
4/25/16,17977.24
4/26/16,17990.32
4/27/16,18041.55
4/28/16,17830.76
4/29/16,17773.64
5/2/16,17891.16
5/3/16,17750.91
5/4/16,17651.26
5/5/16,17660.71
5/6/16,17740.63
5/9/16,17705.91
5/10/16,17928.35
5/11/16,17711.12
5/12/16,17720.5
5/13/16,17535.32
5/16/16,17710.71
5/17/16,17529.98
5/18/16,17526.62
5/19/16,17435.4
5/20/16,17500.94
5/23/16,17492.93
5/24/16,17706.05
5/25/16,17851.51
5/26/16,17828.29
5/27/16,17873.22
5/30/16,
5/31/16,17787.2
6/1/16,17789.67
6/2/16,17838.56
6/3/16,17807.06
6/6/16,17920.33
6/7/16,17938.28
6/8/16,18005.05
6/9/16,17985.19
6/10/16,17865.34
6/13/16,17732.48
6/14/16,17674.82
6/15/16,17640.17
6/16/16,17733.1
6/17/16,17675.16
6/20/16,17804.87
6/21/16,17829.73
6/22/16,17780.83
6/23/16,18011.07
6/24/16,17400.75
6/27/16,17140.24
6/28/16,17409.72
6/29/16,17694.68
6/30/16,17929.99
7/1/16,17949.37
7/4/16,
7/5/16,17840.62
7/6/16,17918.62
7/7/16,17895.88
7/8/16,18146.74
7/11/16,18226.93
7/12/16,18347.67
7/13/16,18372.12
7/14/16,18506.41
7/15/16,18516.55
7/18/16,18533.05
7/19/16,18559.01
7/20/16,18595.03
7/21/16,18517.23
7/22/16,18570.85
7/25/16,18493.06
7/26/16,18473.75
7/27/16,18472.17
7/28/16,18456.35
7/29/16,18432.24
8/1/16,18404.51
8/2/16,18313.77
8/3/16,18355
8/4/16,18352.05
8/5/16,18543.53
8/8/16,18529.29
8/9/16,18533.05
8/10/16,18495.66
8/11/16,18613.52
8/12/16,18576.47
8/15/16,18636.05
8/16/16,18552.02
8/17/16,18573.94
8/18/16,18597.7
8/19/16,18552.57
8/22/16,18529.42
8/23/16,18547.3
8/24/16,18481.48
8/25/16,18448.41
8/26/16,18395.4
8/29/16,18502.99
8/30/16,18454.3
8/31/16,18400.88
9/1/16,18419.3
9/2/16,18491.96
9/5/16,
9/6/16,18538.12
9/7/16,18526.14
9/8/16,18479.91
9/9/16,18085.45
9/12/16,18325.07
9/13/16,18066.75
9/14/16,18034.77
9/15/16,18212.48
9/16/16,18123.8
9/19/16,18120.17
9/20/16,18129.96
9/21/16,18293.7
9/22/16,18392.46
9/23/16,18261.45
9/26/16,18094.83
9/27/16,18228.3
9/28/16,18339.24
9/29/16,18143.45
9/30/16,18308.15
10/3/16,18253.85
10/4/16,18168.45
10/5/16,18281.03
10/6/16,18268.5
10/7/16,18240.49
10/10/16,18329.04
10/11/16,18128.66
10/12/16,18144.2
10/13/16,18098.94
10/14/16,18138.38
10/17/16,18086.4
10/18/16,18161.94
10/19/16,18202.62
10/20/16,18162.35
10/21/16,18145.71
10/24/16,18223.03
10/25/16,18169.27
10/26/16,18199.33
10/27/16,18169.68
10/28/16,18161.19
10/31/16,18142.42
11/1/16,18037.1
11/2/16,17959.64
11/3/16,17930.67
11/4/16,17888.28
11/7/16,18259.6
11/8/16,18332.74
11/9/16,18589.69
11/10/16,18807.88
11/11/16,18847.66
11/14/16,18868.69
11/15/16,18923.06
11/16/16,18868.14
11/17/16,18903.82
11/18/16,18867.93
11/21/16,18956.69
11/22/16,19023.87
11/23/16,19083.18
11/24/16,
11/25/16,19152.14
11/28/16,19097.9
11/29/16,19121.6
11/30/16,19123.58
12/1/16,19191.93
12/2/16,19170.42
12/5/16,19216.24
12/6/16,19251.78
12/7/16,19549.62
12/8/16,19614.81
12/9/16,19756.85
12/12/16,19796.43
12/13/16,19911.21
12/14/16,19792.53
12/15/16,19852.24
12/16/16,19843.41
12/19/16,19883.06
12/20/16,19974.62
12/21/16,19941.96
12/22/16,19918.88
12/23/16,19933.81
12/26/16,
12/27/16,19945.04
12/28/16,19833.68
12/29/16,19819.78
12/30/16,19762.6
1/2/17,
1/3/17,19881.76
1/4/17,19942.16
1/5/17,19899.29
1/6/17,19963.8
1/9/17,19887.38
1/10/17,19855.53
1/11/17,19954.28
1/12/17,19891
1/13/17,19885.73
1/16/17,
1/17/17,19826.77
1/18/17,19804.72
1/19/17,19732.4
1/20/17,19827.25
1/23/17,19799.85
1/24/17,19912.71
1/25/17,20068.51
1/26/17,20100.91
1/27/17,20093.78
1/30/17,19971.13
1/31/17,19864.09
2/1/17,19890.94
2/2/17,19884.91
2/3/17,20071.46
2/6/17,20052.42
2/7/17,20090.29
2/8/17,20054.34
2/9/17,20172.4
2/10/17,20269.37
2/13/17,20412.16
2/14/17,20504.41
2/15/17,20611.86
2/16/17,20619.77
2/17/17,20624.05
2/20/17,
2/21/17,20743
2/22/17,20775.6
2/23/17,20810.32
2/24/17,20821.76
2/27/17,20837.44
2/28/17,20812.24
3/1/17,21115.55
3/2/17,21002.97
3/3/17,21005.71
3/6/17,20954.34
3/7/17,20924.76
3/8/17,20855.73
3/9/17,20858.19
3/10/17,20902.98
3/13/17,20881.48
3/14/17,20837.37
3/15/17,20950.1
3/16/17,20934.55
3/17/17,20914.62
3/20/17,20905.86
3/21/17,20668.01
3/22/17,20661.3
3/23/17,20656.58
3/24/17,20596.72
3/27/17,20550.98
3/28/17,20701.5
3/29/17,20659.32
3/30/17,20728.49
3/31/17,20663.22
4/3/17,20650.21
4/4/17,20689.24
4/5/17,20648.15
4/6/17,20662.95
4/7/17,20656.1
4/10/17,20658.02
4/11/17,20651.3
4/12/17,20591.86
4/13/17,20453.25
4/14/17,
4/17/17,20636.92
4/18/17,20523.28
4/19/17,20404.49
4/20/17,20578.71
4/21/17,20547.76
4/24/17,20763.89
4/25/17,20996.12
4/26/17,20975.09
4/27/17,20981.33
4/28/17,20940.51
5/1/17,20913.46
5/2/17,20949.89
5/3/17,20957.9
5/4/17,20951.47
5/5/17,21006.94
5/8/17,21012.28
5/9/17,20975.78
5/10/17,20943.11
5/11/17,20919.42
5/12/17,20896.61
5/15/17,20981.94
5/16/17,20979.75
5/17/17,20606.93
5/18/17,20663.02
5/19/17,20804.84
5/22/17,20894.83
5/23/17,20937.91
5/24/17,21012.42
5/25/17,21082.95
5/26/17,21080.28
5/29/17,
5/30/17,21029.47
5/31/17,21008.65
6/1/17,21144.18
6/2/17,21206.29
6/5/17,21184.04
6/6/17,21136.23
6/7/17,21173.69
6/8/17,21182.53
6/9/17,21271.97
6/12/17,21235.67
6/13/17,21328.47
6/14/17,21374.56
6/15/17,21359.9
6/16/17,21384.28
6/19/17,21528.99
6/20/17,21467.14
6/21/17,21410.03
6/22/17,21397.29
6/23/17,21394.76
6/26/17,21409.55
6/27/17,21310.66
6/28/17,21454.61
6/29/17,21287.03
6/30/17,21349.63
7/3/17,21479.27
7/4/17,
7/5/17,21478.17
7/6/17,21320.04
7/7/17,21414.34
7/10/17,21408.52
7/11/17,21409.07
7/12/17,21532.14
7/13/17,21553.09
7/14/17,21637.74
7/17/17,21629.72
7/18/17,21574.73
7/19/17,21640.75
7/20/17,21611.78
7/21/17,21580.07
7/24/17,21513.17
7/25/17,21613.43
7/26/17,21711.01
7/27/17,21796.55
7/28/17,21830.31
7/31/17,21891.12
8/1/17,21963.92
8/2/17,22016.24
8/3/17,22026.1
8/4/17,22092.81
8/7/17,22118.42
8/8/17,22085.34
8/9/17,22048.7
8/10/17,21844.01
8/11/17,21858.32
8/14/17,21993.71
8/15/17,21998.99
8/16/17,22024.87
8/17/17,21750.73
8/18/17,21674.51
8/21/17,21703.75
8/22/17,21899.89
8/23/17,21812.09
8/24/17,21783.4
8/25/17,21813.67
8/28/17,21808.4
8/29/17,21865.37
8/30/17,21892.43
8/31/17,21948.1
9/1/17,21987.56
9/4/17,
9/5/17,21753.31
9/6/17,21807.64
9/7/17,21784.78
9/8/17,21797.79
9/11/17,22057.37
9/12/17,22118.86
9/13/17,22158.18
9/14/17,22203.48
9/15/17,22268.34
9/18/17,22331.35
9/19/17,22370.8
9/20/17,22412.59
9/21/17,22359.23
9/22/17,22349.59
9/25/17,22296.09
9/26/17,22284.32
9/27/17,22340.71
9/28/17,22381.2
9/29/17,22405.09
10/2/17,22557.6
10/3/17,22641.67
10/4/17,22661.64
10/5/17,22775.39
10/6/17,22773.67
10/9/17,22761.07
10/10/17,22830.68
10/11/17,22872.89
10/12/17,22841.01
10/13/17,22871.72
10/16/17,22956.96
10/17/17,22997.44
10/18/17,23157.6
10/19/17,23163.04
10/20/17,23328.63
10/23/17,23273.96
10/24/17,23441.76
10/25/17,23329.46
10/26/17,23400.86
10/27/17,23434.19
10/30/17,23348.74
10/31/17,23377.24
11/1/17,23435.01
11/2/17,23516.26
11/3/17,23539.19
11/6/17,23548.42
11/7/17,23557.23
11/8/17,23563.36
11/9/17,23461.94
11/10/17,23422.21
11/13/17,23439.7
11/14/17,23409.47
11/15/17,23271.28
11/16/17,23458.36
11/17/17,23358.24
11/20/17,23430.33
11/21/17,23590.83
11/22/17,23526.18
11/23/17,
11/24/17,23557.99
11/27/17,23580.78
11/28/17,23836.71
11/29/17,23940.68
11/30/17,24272.35
12/1/17,24231.59
12/4/17,24290.05
12/5/17,24180.64
12/6/17,24140.91
12/7/17,24211.48
12/8/17,24329.16
12/11/17,24386.03
12/12/17,24504.8
12/13/17,24585.43
12/14/17,24508.66
12/15/17,24651.74
12/18/17,24792.2
12/19/17,24754.75
12/20/17,24726.65
12/21/17,24782.29
12/22/17,24754.06
12/25/17,
12/26/17,24746.21
12/27/17,24774.3
12/28/17,24837.51
12/29/17,24719.22
1/1/18,
1/2/18,24824.01
1/3/18,24922.68
1/4/18,25075.13
1/5/18,25295.87
1/8/18,25283
1/9/18,25385.8
1/10/18,25369.13
1/11/18,25574.73
1/12/18,25803.19
1/15/18,
1/16/18,25792.86
1/17/18,26115.65
1/18/18,26017.81
1/19/18,26071.72
1/22/18,26214.6
1/23/18,26210.81
1/24/18,26252.12
1/25/18,26392.79
1/26/18,26616.71
1/29/18,26439.48
1/30/18,26076.89
1/31/18,26149.39
2/1/18,26186.71
2/2/18,25520.96
2/5/18,24345.75
2/6/18,24912.77
2/7/18,24893.35
2/8/18,23860.46
2/9/18,24190.9
2/12/18,24601.27
2/13/18,24640.45
2/14/18,24893.49
2/15/18,25200.37
2/16/18,25219.38
2/19/18,
2/20/18,24964.75
2/21/18,24797.78
2/22/18,24962.48
2/23/18,25309.99
2/26/18,25709.27
2/27/18,25410.03
2/28/18,25029.2
3/1/18,24608.98
3/2/18,24538.06
3/5/18,24874.76
3/6/18,24884.12
3/7/18,24801.36
3/8/18,24895.21
3/9/18,25335.74
3/12/18,25178.61
3/13/18,25007.03
3/14/18,24758.12
3/15/18,24873.66
3/16/18,24946.51
3/19/18,24610.91
3/20/18,24727.27
3/21/18,24682.31
3/22/18,23957.89
3/23/18,23533.2
3/26/18,24202.6
3/27/18,23857.71
3/28/18,23848.42
3/29/18,24103.11
3/30/18,
4/2/18,23644.19
4/3/18,24033.36
4/4/18,24264.3
4/5/18,24505.22
4/6/18,23932.76
4/9/18,23979.1
4/10/18,24408
4/11/18,24189.45
4/12/18,24483.05
4/13/18,24360.14
4/16/18,24573.04
4/17/18,24786.63
4/18/18,24748.07
4/19/18,24664.89
4/20/18,24462.94
4/23/18,24448.69
4/24/18,24024.13
4/25/18,24083.83
4/26/18,24322.34
4/27/18,24311.19
4/30/18,24163.15
5/1/18,24099.05
5/2/18,23924.98
5/3/18,23930.15
5/4/18,24262.51
5/7/18,24357.32
5/8/18,24360.21
5/9/18,24542.54
5/10/18,24739.53
5/11/18,24831.17
5/14/18,24899.41
5/15/18,24706.41
5/16/18,24768.93
5/17/18,24713.98
5/18/18,24715.09
5/21/18,25013.29
5/22/18,24834.41
5/23/18,24886.81
5/24/18,24811.76
5/25/18,24753.09
5/28/18,
5/29/18,24361.45
5/30/18,24667.78
5/31/18,24415.84
6/1/18,24635.21
6/4/18,24813.69
6/5/18,24799.98
6/6/18,25146.39
6/7/18,25241.41
6/8/18,25316.53
6/11/18,25322.31
6/12/18,25320.73
6/13/18,25201.2
6/14/18,25175.31
6/15/18,25090.48
6/18/18,24987.47
6/19/18,24700.21
6/20/18,24657.8
6/21/18,24461.7
6/22/18,24580.89
6/25/18,24252.8
6/26/18,24283.11
6/27/18,24117.59
6/28/18,24216.05
6/29/18,24271.41
7/2/18,24307.18
7/3/18,24174.82
7/4/18,
7/5/18,24356.74
7/6/18,24456.48
7/9/18,24776.59
7/10/18,24919.66
7/11/18,24700.45
7/12/18,24924.89
7/13/18,25019.41
7/16/18,25064.36
7/17/18,25119.89
7/18/18,25199.29
7/19/18,25064.5
7/20/18,25058.12
7/23/18,25044.29
7/24/18,25241.94
7/25/18,25414.1
7/26/18,25527.07
7/27/18,25451.06
7/30/18,25306.83
7/31/18,25415.19
8/1/18,25333.82
8/2/18,25326.16
8/3/18,25462.58
8/6/18,25502.18
8/7/18,25628.91
8/8/18,25583.75
8/9/18,25509.23
8/10/18,25313.14
8/13/18,25187.7
8/14/18,25299.92
8/15/18,25162.41
8/16/18,25558.73
8/17/18,25669.32
8/20/18,25758.69
8/21/18,25822.29
8/22/18,25733.6
8/23/18,25656.98
8/24/18,25790.35
8/27/18,26049.64
8/28/18,26064.02
8/29/18,26124.57
8/30/18,25986.92
8/31/18,25964.82
9/3/18,
9/4/18,25952.48
9/5/18,25974.99
9/6/18,25995.87
9/7/18,25916.54
9/10/18,25857.07
9/11/18,25971.06
9/12/18,25998.92
9/13/18,26145.99
9/14/18,26154.67
9/17/18,26062.12
9/18/18,26246.96
9/19/18,26405.76
9/20/18,26656.98
9/21/18,26743.5
9/24/18,26562.05
9/25/18,26492.21
9/26/18,26385.28
9/27/18,26439.93
9/28/18,26458.31
10/1/18,26651.21
10/2/18,26773.94
10/3/18,26828.39
10/4/18,26627.48
10/5/18,26447.05
10/8/18,26486.78
10/9/18,26430.57
10/10/18,25598.74
10/11/18,25052.83
10/12/18,25339.99
10/15/18,25250.55
10/16/18,25798.42
10/17/18,25706.68
10/18/18,25379.45
10/19/18,25444.34
10/22/18,25317.41
10/23/18,25191.43
10/24/18,24583.42
10/25/18,24984.55
10/26/18,24688.31
10/29/18,24442.92
10/30/18,24874.64
10/31/18,25115.76
11/1/18,25380.74
11/2/18,25270.83
11/5/18,25461.7
11/6/18,25635.01
11/7/18,26180.3
11/8/18,26191.22
11/9/18,25989.3
11/12/18,25387.18
11/13/18,25286.49
11/14/18,25080.5
11/15/18,25289.27
11/16/18,25413.22
11/19/18,25017.44
11/20/18,24465.64
11/21/18,24464.69
11/22/18,
11/23/18,24285.95
11/26/18,24640.24
11/27/18,24748.73
11/28/18,25366.43
11/29/18,25338.84
11/30/18,25538.46
12/3/18,25826.43
12/4/18,25027.07
12/5/18,
12/6/18,24947.67
12/7/18,24388.95
12/10/18,24423.26
12/11/18,24370.24
12/12/18,24527.27
12/13/18,24597.38
12/14/18,24100.51
12/17/18,23592.98
12/18/18,23675.64
12/19/18,23323.66
12/20/18,22859.6
12/21/18,22445.37
12/24/18,21792.2
12/25/18,
12/26/18,22878.45
12/27/18,23138.82
12/28/18,23062.4
12/31/18,23327.46
1/1/19,
1/2/19,23346.24
1/3/19,22686.22
1/4/19,23433.16
1/7/19,23531.35
1/8/19,23787.45
1/9/19,23879.12
1/10/19,24001.92
1/11/19,23995.95
1/14/19,23909.84
1/15/19,24065.59
1/16/19,24207.16
1/17/19,24370.1
1/18/19,24706.35
1/21/19,
1/22/19,24404.48
1/23/19,24575.62
1/24/19,24553.24
1/25/19,24737.2
1/28/19,24528.22
1/29/19,24579.96
1/30/19,25014.86
1/31/19,24999.67
2/1/19,25063.89
2/4/19,25239.37
2/5/19,25411.52
2/6/19,25390.3
2/7/19,25169.53
2/8/19,25106.33
2/11/19,25053.11
2/12/19,25425.76
2/13/19,25543.27
2/14/19,25439.39
2/15/19,25883.25
2/18/19,
2/19/19,25891.32
2/20/19,25954.44
2/21/19,25850.63
2/22/19,26031.81
2/25/19,26091.95
2/26/19,26057.98
2/27/19,25985.16
2/28/19,25916
3/1/19,26026.32
3/4/19,25819.65
3/5/19,25806.63
3/6/19,25673.46
3/7/19,25473.23
3/8/19,25450.24
3/11/19,25650.88
3/12/19,25554.66
3/13/19,25702.89
3/14/19,25709.94
3/15/19,25848.87
3/18/19,25914.1
3/19/19,25887.38
3/20/19,25745.67
3/21/19,25962.51
3/22/19,25502.32
3/25/19,25516.83
3/26/19,25657.73
3/27/19,25625.59
3/28/19,25717.46
3/29/19,25928.68
4/1/19,26258.42
4/2/19,26179.13
4/3/19,26218.13
4/4/19,26384.63
4/5/19,26424.99
4/8/19,26341.02
4/9/19,26150.58
4/10/19,26157.16
4/11/19,26143.05
4/12/19,26412.3
4/15/19,26384.77
4/16/19,26452.66
4/17/19,26449.54
4/18/19,26559.54
4/19/19,
4/22/19,26511.05
4/23/19,26656.39
4/24/19,26597.05
4/25/19,26462.08
4/26/19,26543.33
4/29/19,26554.39
4/30/19,26592.91
5/1/19,26430.14
5/2/19,26307.79
5/3/19,26504.95
5/6/19,26438.48
5/7/19,25965.09
5/8/19,25967.33
5/9/19,25828.36
5/10/19,25942.37
5/13/19,25324.99
5/14/19,25532.05
5/15/19,25648.02
5/16/19,25862.68
5/17/19,25764
5/20/19,25679.9
5/21/19,25877.33
5/22/19,25776.61
5/23/19,25490.47
5/24/19,25585.69
5/27/19,
5/28/19,25347.77
5/29/19,25126.41
5/30/19,25169.88
5/31/19,24815.04
6/3/19,24819.78
6/4/19,25332.18
6/5/19,25539.57
6/6/19,25720.66
6/7/19,25983.94
6/10/19,26062.68
6/11/19,26048.51
6/12/19,26004.83
6/13/19,26106.77
6/14/19,26089.61
6/17/19,26112.53
6/18/19,26465.54
6/19/19,26504
6/20/19,26753.17
6/21/19,26719.13
6/24/19,26727.54
6/25/19,26548.22
6/26/19,26536.82
6/27/19,26526.58
6/28/19,26599.96
7/1/19,26717.43
7/2/19,26786.68
7/3/19,26966
7/4/19,
7/5/19,26922.12
7/8/19,26806.14
7/9/19,26783.49
7/10/19,26860.2
7/11/19,27088.08
7/12/19,27332.03
7/15/19,27359.16
7/16/19,27335.63
7/17/19,27219.85
7/18/19,27222.97
7/19/19,27154.2
7/22/19,27171.9
7/23/19,27349.19
7/24/19,27269.97
7/25/19,27140.98
7/26/19,27192.45
7/29/19,27221.35
7/30/19,27198.02
7/31/19,26864.27
8/1/19,26583.42
8/2/19,26485.01
8/5/19,25717.74
8/6/19,26029.52
8/7/19,26007.07
8/8/19,26378.19
8/9/19,26287.44
8/12/19,25907.37
8/13/19,26279.91
8/14/19,25479.42
8/15/19,25579.39
8/16/19,25886.01
8/19/19,26135.79
8/20/19,25962.44
8/21/19,26202.73
8/22/19,26252.24
8/23/19,25628.9
8/26/19,25898.83
8/27/19,25777.9
8/28/19,26036.1
8/29/19,26362.25
8/30/19,26403.28
9/2/19,
9/3/19,26118.02
9/4/19,26355.47
9/5/19,26728.15
9/6/19,26797.46
9/9/19,26835.51
9/10/19,26909.43
9/11/19,27137.04
9/12/19,27182.45
9/13/19,27219.52
9/16/19,27076.82
9/17/19,27110.8
9/18/19,27147.08
9/19/19,27094.79
9/20/19,26935.07
9/23/19,26949.99
9/24/19,26807.77
9/25/19,26970.71
9/26/19,26891.12
9/27/19,26820.25
9/30/19,26916.83
10/1/19,26573.04
10/2/19,26078.62
10/3/19,26201.04
10/4/19,26573.72
10/7/19,26478.02
10/8/19,26164.04
10/9/19,26346.01
10/10/19,26496.67
10/11/19,26816.59
10/14/19,26787.36
10/15/19,27024.8
10/16/19,27001.98
10/17/19,27025.88
10/18/19,26770.2
10/21/19,26827.64
10/22/19,26788.1
10/23/19,26833.95
10/24/19,26805.53
10/25/19,26958.06
10/28/19,27090.72
10/29/19,27071.42
10/30/19,27186.69
10/31/19,27046.23
11/1/19,27347.36
11/4/19,27462.11
11/5/19,27492.63
11/6/19,27492.56
11/7/19,27674.8
11/8/19,27681.24
11/11/19,27691.49
11/12/19,27691.49
11/13/19,27783.59
11/14/19,27781.96
11/15/19,28004.89
11/18/19,28036.22
11/19/19,27934.02
11/20/19,27821.09
11/21/19,27766.29
11/22/19,27875.62
11/25/19,28066.47
11/26/19,28121.68
11/27/19,28164
11/28/19,
11/29/19,28051.41
12/2/19,27783.04
12/3/19,27502.81
12/4/19,27649.78
12/5/19,27677.79
12/6/19,28015.06
12/9/19,27909.6
12/10/19,27881.72
12/11/19,27911.3
12/12/19,28132.05
12/13/19,28135.38
12/16/19,28235.89
12/17/19,28267.16
12/18/19,28239.28
12/19/19,28376.96
12/20/19,28455.09
12/23/19,28551.53
12/24/19,28515.45
12/25/19,
12/26/19,28621.39
12/27/19,28645.26
12/30/19,28462.14
12/31/19,28538.44
1/1/20,
1/2/20,28868.8
1/3/20,28634.88
1/6/20,28703.38
1/7/20,28583.68
1/8/20,28745.09
1/9/20,28956.9
1/10/20,28823.77
1/13/20,28907.05
1/14/20,28939.67
1/15/20,29030.22
1/16/20,29297.64
1/17/20,29348.1
1/20/20,
1/21/20,29196.04
1/22/20,29186.27
1/23/20,29160.09
1/24/20,28989.73
1/27/20,28535.8
1/28/20,28722.85
1/29/20,28734.45
1/30/20,28859.44
1/31/20,28256.03
2/3/20,28399.81
2/4/20,28807.63
2/5/20,29290.85
2/6/20,29379.77
2/7/20,29102.51
2/10/20,29276.82
2/11/20,29276.34
2/12/20,29551.42
2/13/20,29423.31
2/14/20,29398.08
2/17/20,
2/18/20,29232.19
2/19/20,29348.03
2/20/20,29219.98
2/21/20,28992.41
2/24/20,27960.8
2/25/20,27081.36
2/26/20,26957.59
2/27/20,25766.64
2/28/20,25409.36
3/2/20,26703.32
3/3/20,25917.41
3/4/20,27090.86
3/5/20,26121.28
3/6/20,25864.78
3/9/20,23851.02
3/10/20,25018.16
3/11/20,23553.22
3/12/20,21200.62
3/13/20,23185.62
3/16/20,20188.52
3/17/20,21237.38
3/18/20,19898.92
3/19/20,20087.19
3/20/20,19173.98
3/23/20,18591.93
3/24/20,20704.91
3/25/20,21200.55
3/26/20,22552.17
3/27/20,21636.78
3/30/20,22327.48
3/31/20,21917.16
4/1/20,20943.51
4/2/20,21413.44
4/3/20,21052.53
4/6/20,22679.99
4/7/20,22653.86
4/8/20,23433.57
4/9/20,23719.37
4/10/20,
4/13/20,23390.77
4/14/20,23949.76
4/15/20,23504.35
4/16/20,23537.68
4/17/20,24242.49
4/20/20,23650.44
4/21/20,23018.88
4/22/20,23475.82
4/23/20,23515.26
4/24/20,23775.27
4/27/20,24133.78
4/28/20,24101.55
4/29/20,24633.86
4/30/20,24345.72
5/1/20,23723.69
5/4/20,23749.76
5/5/20,23883.09
5/6/20,23664.64
5/7/20,23875.89
5/8/20,24331.32
5/11/20,24221.99
5/12/20,23764.78
5/13/20,23247.97
5/14/20,23625.34
5/15/20,23685.42
5/18/20,24597.37
5/19/20,24206.86
5/20/20,24575.9
5/21/20,24474.12
5/22/20,24465.16
5/25/20,
5/26/20,24995.11
5/27/20,25548.27
5/28/20,25400.64
5/29/20,25383.11
6/1/20,25475.02
6/2/20,25742.65
6/3/20,26269.89
6/4/20,26281.82
6/5/20,27110.98
6/8/20,27572.44
6/9/20,27272.3
6/10/20,26989.99
6/11/20,25128.17
6/12/20,25605.54
6/15/20,25763.16
6/16/20,26289.98
6/17/20,26119.61
6/18/20,26080.1
6/19/20,25871.46
6/22/20,26024.96
6/23/20,26156.1
6/24/20,25445.94
6/25/20,25745.6
6/26/20,25015.55
6/29/20,25595.8
6/30/20,25812.88
7/1/20,25734.97
7/2/20,25827.36
7/3/20,
7/6/20,26287.03
7/7/20,25890.18
7/8/20,26067.28
7/9/20,25706.09
7/10/20,26075.3
7/13/20,26085.8
7/14/20,26642.59
7/15/20,26870.1
7/16/20,26734.71
7/17/20,26671.95
7/20/20,26680.87
7/21/20,26840.4
7/22/20,27005.84
7/23/20,26652.33
7/24/20,26469.89
7/27/20,26584.77
7/28/20,26379.28
7/29/20,26539.57
7/30/20,26313.65
7/31/20,26428.32
8/3/20,26664.4
8/4/20,26828.47
8/5/20,27201.52
8/6/20,27386.98
8/7/20,27433.48
8/10/20,27791.44
8/11/20,27686.91
8/12/20,27976.84
8/13/20,27896.72
8/14/20,27931.02
8/17/20,27844.91
8/18/20,27778.07
8/19/20,27692.88
8/20/20,27739.73
8/21/20,27930.33
8/24/20,28308.46
8/25/20,28248.44
8/26/20,28331.92
8/27/20,28492.27
8/28/20,28653.87
8/31/20,28430.05
9/1/20,28645.66
9/2/20,29100.5
9/3/20,28292.73
9/4/20,28133.31
9/7/20,
9/8/20,27500.89
9/9/20,27940.47
9/10/20,27534.58
9/11/20,27665.64
9/14/20,27993.33
9/15/20,27995.6
9/16/20,28032.38
9/17/20,27901.98
9/18/20,27657.42
9/21/20,27147.7
9/22/20,27288.18
9/23/20,26763.13
9/24/20,26815.44
9/25/20,27173.96
9/28/20,27584.06
9/29/20,27452.66
9/30/20,27781.7
10/1/20,27816.9
10/2/20,27682.81
10/5/20,28148.64
10/6/20,27772.76
10/7/20,28303.46
10/8/20,28425.51
10/9/20,28586.9
10/12/20,28837.52
10/13/20,28679.81
10/14/20,28514
10/15/20,28494.2
10/16/20,28606.31
10/19/20,28195.42
10/20/20,28308.79
10/21/20,28210.82
10/22/20,28363.66
10/23/20,28335.57
10/26/20,27685.38
10/27/20,27463.19
10/28/20,26519.95
10/29/20,26659.11
10/30/20,26501.6
11/2/20,26925.05
11/3/20,27480.03
11/4/20,27847.66
11/5/20,28390.18
11/6/20,28323.4
11/9/20,29157.97
11/10/20,29420.92
11/11/20,29397.63
11/12/20,29080.17
11/13/20,29479.81
11/16/20,29950.44
11/17/20,29783.35
11/18/20,29438.42
11/19/20,29483.23
11/20/20,29263.48
11/23/20,29591.27
11/24/20,30046.24
11/25/20,29872.47
11/26/20,
11/27/20,29910.37
11/30/20,29638.64
12/1/20,29823.92
12/2/20,29883.79
12/3/20,29969.52
12/4/20,30218.26
12/7/20,30069.79
12/8/20,30173.88
12/9/20,30068.81
12/10/20,29999.26
12/11/20,30046.37
12/14/20,29861.55
12/15/20,30199.31
12/16/20,30154.54
12/17/20,30303.37
12/18/20,30179.05
12/21/20,30216.45
12/22/20,30015.51
12/23/20,30129.83
12/24/20,30199.87
12/25/20,
12/28/20,30403.97
12/29/20,30335.67
12/30/20,30409.56
12/31/20,30606.48
1/1/21,
1/4/21,30223.89
1/5/21,30391.6
1/6/21,30829.4
1/7/21,31041.13
1/8/21,31097.97
1/11/21,31008.69
1/12/21,31068.69
1/13/21,31060.47
1/14/21,30991.52
1/15/21,30814.26
1/18/21,
1/19/21,30930.52
1/20/21,31188.38
1/21/21,31176.01
1/22/21,30996.98
1/25/21,30960
1/26/21,30937.04
1/27/21,30303.17
1/28/21,30603.36
1/29/21,29982.62
2/1/21,30211.91
2/2/21,30687.48
2/3/21,30723.6
2/4/21,31055.86
2/5/21,31148.24
2/8/21,31385.76
2/9/21,31375.83
2/10/21,31437.8
2/11/21,31430.7
2/12/21,31458.4
2/15/21,
2/16/21,31522.75
2/17/21,31613.02
2/18/21,31493.34
2/19/21,31494.32
2/22/21,31521.69
2/23/21,31537.35
2/24/21,31961.86
2/25/21,31402.01
2/26/21,30932.37
3/1/21,31535.51
3/2/21,31391.52
3/3/21,31270.09
3/4/21,30924.14
3/5/21,31496.3
3/8/21,31802.44
3/9/21,31832.74
3/10/21,32297.02
3/11/21,32485.59
3/12/21,32778.64
3/15/21,32953.46
3/16/21,32825.95
3/17/21,33015.37
3/18/21,32862.3
3/19/21,32627.97
3/22/21,32731.2
3/23/21,32423.15
3/24/21,32420.06
3/25/21,32619.48
3/26/21,33072.88
3/29/21,33171.37
3/30/21,33066.96
3/31/21,32981.55
4/1/21,33153.21
4/2/21,
4/5/21,33527.19
4/6/21,33430.24
4/7/21,33446.26
4/8/21,33503.57
4/9/21,33800.6
4/12/21,33745.4
4/13/21,33677.27
4/14/21,33730.89
4/15/21,34035.99
4/16/21,34200.67
4/19/21,34077.63
4/20/21,33821.3
4/21/21,34137.31
4/22/21,33815.9
4/23/21,34043.49
4/26/21,33981.57
4/27/21,33984.93
4/28/21,33820.38
4/29/21,34060.36
4/30/21,33874.85
5/3/21,34113.23
5/4/21,34133.03
5/5/21,34230.34
5/6/21,34548.53
5/7/21,34777.76
5/10/21,34742.82
5/11/21,34269.16
5/12/21,33587.66
5/13/21,34021.45
5/14/21,34382.13
5/17/21,34327.79
5/18/21,34060.66
5/19/21,33896.04
5/20/21,34084.15
5/21/21,34207.84
5/24/21,34393.98
5/25/21,34312.46
5/26/21,34323.05
5/27/21,34464.64
5/28/21,34529.45
5/31/21,
6/1/21,34575.31
6/2/21,34600.38
6/3/21,34577.04
6/4/21,34756.39
6/7/21,34630.24
6/8/21,34599.82
6/9/21,34447.14
6/10/21,34466.24
6/11/21,34479.6
6/14/21,34393.75
6/15/21,34299.33
6/16/21,34033.67
6/17/21,33823.45
6/18/21,33290.08
6/21/21,33876.97
6/22/21,33945.58
6/23/21,33874.24
6/24/21,34196.82
6/25/21,34433.84
6/28/21,34283.27
6/29/21,34292.29
6/30/21,34502.51
7/1/21,34633.53
7/2/21,34786.35
7/5/21,
7/6/21,34577.37
7/7/21,34681.79
7/8/21,34421.93
7/9/21,34870.16
7/12/21,34996.18
7/13/21,34888.79
7/14/21,34933.23
7/15/21,34987.02
7/16/21,34687.85
7/19/21,33962.04
7/20/21,34511.99
7/21/21,34798
7/22/21,34823.35
7/23/21,35061.55
7/26/21,35144.31
7/27/21,35058.52
7/28/21,34930.93
7/29/21,35084.53
7/30/21,34935.47
8/2/21,34838.16
8/3/21,35116.4
8/4/21,34792.67
8/5/21,35064.25
8/6/21,35208.51
8/9/21,35101.85
8/10/21,35264.67
8/11/21,35484.97
8/12/21,35499.85
8/13/21,35515.38
8/16/21,35625.4
8/17/21,35343.28
8/18/21,34960.69
8/19/21,34894.12
8/20/21,35120.08
8/23/21,35335.71
8/24/21,35366.26
8/25/21,35405.5
8/26/21,35213.12
8/27/21,35455.8
8/30/21,35399.84
8/31/21,35360.73
9/1/21,35312.53
9/2/21,35443.82
9/3/21,35369.09
9/6/21,
9/7/21,35100
9/8/21,35031.07
9/9/21,34879.38
9/10/21,34607.72
9/13/21,34869.63
9/14/21,34577.57
9/15/21,34814.39
9/16/21,34751.32
9/17/21,34584.88
9/20/21,33970.47
9/21/21,33919.84
9/22/21,34258.32
9/23/21,34764.82
9/24/21,34798
9/27/21,34869.37
9/28/21,34299.99
9/29/21,34390.72
9/30/21,33843.92
10/1/21,34326.46
10/4/21,34002.92
10/5/21,34314.67
10/6/21,34416.99
10/7/21,34754.94
10/8/21,34746.25
10/11/21,34496.06
10/12/21,34378.34
10/13/21,34377.81
10/14/21,34912.56
10/15/21,35294.76
10/18/21,35258.61
10/19/21,35457.31
10/20/21,35609.34
10/21/21,35603.08
10/22/21,35677.02
10/25/21,35741.15
10/26/21,35756.88
10/27/21,35490.69
10/28/21,35730.48
10/29/21,35819.56
11/1/21,35913.84
11/2/21,36052.63
11/3/21,36157.58
11/4/21,36124.23
11/5/21,36327.95
11/8/21,36432.22
11/9/21,36319.98
11/10/21,36079.94
11/11/21,35921.23
11/12/21,36100.31
11/15/21,36087.45
11/16/21,36142.22
11/17/21,35931.05
11/18/21,35870.95
11/19/21,35601.98
11/22/21,35619.25
11/23/21,35813.8
11/24/21,35804.38
11/25/21,
11/26/21,34899.34
11/29/21,35135.94
11/30/21,34483.72
12/1/21,34022.04
12/2/21,34639.79
12/3/21,34580.08
12/6/21,35227.03
12/7/21,35719.43
12/8/21,35754.75
12/9/21,35754.69
12/10/21,35970.99
12/13/21,35650.95
12/14/21,35544.18
12/15/21,35927.43
12/16/21,35897.64
12/17/21,35365.44
12/20/21,34932.16
12/21/21,35492.7
12/22/21,35753.89
12/23/21,35950.56
12/24/21,
12/27/21,36302.38
12/28/21,36398.21
12/29/21,36488.63
12/30/21,36398.08
12/31/21,36338.3
1/3/22,36585.06
1/4/22,36799.65
1/5/22,36407.11
1/6/22,36236.47
1/7/22,36231.66
1/10/22,36068.87
1/11/22,36252.02
1/12/22,36290.32
1/13/22,36113.62
1/14/22,35911.81
1/17/22,
1/18/22,35368.47
1/19/22,35028.65
1/20/22,34715.39
1/21/22,34265.37
1/24/22,34364.5
1/25/22,34297.73
1/26/22,34168.09
1/27/22,34160.78
1/28/22,34725.47
1/31/22,35131.86
2/1/22,35405.24
2/2/22,35629.33
2/3/22,35111.16
2/4/22,35089.74
2/7/22,35091.13
2/8/22,35462.78
2/9/22,35768.06
2/10/22,35241.59
2/11/22,34738.06
2/14/22,34566.17
2/15/22,34988.84
2/16/22,34934.27
2/17/22,34312.03
2/18/22,34079.18
2/21/22,
2/22/22,33596.61
2/23/22,33131.76
2/24/22,33223.83
2/25/22,34058.75
2/28/22,33892.6
3/1/22,33294.95
3/2/22,33891.35
3/3/22,33794.66
3/4/22,33614.8
3/7/22,32817.38
3/8/22,32632.64
3/9/22,33286.25
3/10/22,33174.07
3/11/22,32944.19
3/14/22,32945.24
3/15/22,33544.34
3/16/22,34063.1
3/17/22,34480.76
3/18/22,34754.93
3/21/22,34552.99
3/22/22,34807.46
3/23/22,34358.5
3/24/22,34707.94
3/25/22,34861.24
3/28/22,34955.89
3/29/22,35294.19
3/30/22,35228.81
3/31/22,34678.35
4/1/22,34818.27
4/4/22,34921.88
4/5/22,34641.18
4/6/22,34496.51
4/7/22,34583.57
4/8/22,34721.12
4/11/22,34308.08
4/12/22,34220.36
4/13/22,34564.59
4/14/22,34451.23
4/15/22,
4/18/22,34411.69
4/19/22,34911.2
4/20/22,35160.79
4/21/22,34792.76
4/22/22,33811.4
4/25/22,34049.46
4/26/22,33240.18
4/27/22,33301.93
4/28/22,33916.39
4/29/22,32977.21
5/2/22,33061.5
5/3/22,33128.79
5/4/22,34061.06
5/5/22,32997.97
5/6/22,32899.37
5/9/22,32245.7
5/10/22,32160.74
5/11/22,31834.11
5/12/22,31730.3
5/13/22,32196.66
5/16/22,32223.42
5/17/22,32654.59
5/18/22,31490.07
5/19/22,31253.13
5/20/22,31261.9
5/23/22,31880.24
5/24/22,31928.62
5/25/22,32120.28
5/26/22,32637.19
5/27/22,33212.96
5/30/22,
5/31/22,32990.12
6/1/22,32813.23
6/2/22,33248.28
6/3/22,32899.7
6/6/22,32915.78
6/7/22,33180.14
6/8/22,32910.9
6/9/22,32272.79
6/10/22,31392.79
6/13/22,30516.74
6/14/22,30364.83
6/15/22,30668.53
6/16/22,29927.07
6/17/22,29888.78
6/20/22,
6/21/22,30530.25
6/22/22,30483.13
6/23/22,30677.36
6/24/22,31500.68
6/27/22,31438.26
6/28/22,30946.99
6/29/22,31029.31
6/30/22,30775.43
7/1/22,31097.26
7/4/22,
7/5/22,30967.82
7/6/22,31037.68
7/7/22,31384.55
7/8/22,31338.15
7/11/22,31173.84
7/12/22,30981.33
7/13/22,30772.79
7/14/22,30630.17
7/15/22,31288.26
7/18/22,31072.61
7/19/22,31827.05
7/20/22,31874.84
7/21/22,32036.9
7/22/22,31899.29
7/25/22,31990.04
7/26/22,31761.54
7/27/22,32197.59
7/28/22,32529.63
7/29/22,32845.13
8/1/22,32798.4
8/2/22,32396.17
8/3/22,32812.5
8/4/22,32726.82
8/5/22,32803.47
8/8/22,32832.54
8/9/22,32774.41
8/10/22,33309.51
8/11/22,33336.67
8/12/22,33761.05
8/15/22,33912.44
8/16/22,34152.01
8/17/22,33980.32
8/18/22,33999.04
8/19/22,33706.74
8/22/22,33063.61
8/23/22,32909.59
8/24/22,32969.23
8/25/22,33291.78
8/26/22,32283.4
8/29/22,32098.99
8/30/22,31790.87
8/31/22,31510.43
9/1/22,31656.42
9/2/22,31318.44
9/5/22,
9/6/22,31145.3
9/7/22,31581.28
9/8/22,31774.52
9/9/22,32151.71
9/12/22,32381.34
9/13/22,31104.97
9/14/22,31135.09
9/15/22,30961.82
9/16/22,30822.42
9/19/22,31019.68
9/20/22,30706.23
9/21/22,30183.78
9/22/22,30076.68
9/23/22,29590.41
9/26/22,29260.81
9/27/22,29134.99
9/28/22,29683.74
9/29/22,29225.61
9/30/22,28725.51
10/3/22,29490.89
10/4/22,30316.32
10/5/22,30273.87
10/6/22,29926.94
10/7/22,29296.79
10/10/22,29202.88
10/11/22,29239.19
10/12/22,29210.85
10/13/22,30038.72
10/14/22,29634.83
10/17/22,30185.82
10/18/22,30523.8
10/19/22,30423.81
10/20/22,30333.59
10/21/22,31082.56
10/24/22,31499.62
10/25/22,31836.74
10/26/22,31839.11
10/27/22,32033.28
10/28/22,32861.8
10/31/22,32732.95
11/1/22,32653.2
11/2/22,32147.76
11/3/22,32001.25
11/4/22,32403.22
11/7/22,32827
11/8/22,33160.83
11/9/22,32513.94
11/10/22,33715.37
11/11/22,33747.86
11/14/22,33536.7
11/15/22,33592.92
11/16/22,33553.83
11/17/22,33546.32
11/18/22,33745.69
11/21/22,33700.28
11/22/22,34098.1
11/23/22,34194.06
11/24/22,
11/25/22,34347.03
11/28/22,33849.46
11/29/22,33852.53
11/30/22,34589.77
12/1/22,34395.01
12/2/22,34429.88
12/5/22,33947.1
12/6/22,33596.34
12/7/22,33597.92
12/8/22,33781.48
12/9/22,33476.46
12/12/22,34005.04
12/13/22,34108.64
12/14/22,33966.35
12/15/22,33202.22
12/16/22,32920.46
12/19/22,32757.54
12/20/22,32849.74
12/21/22,33376.48
12/22/22,33027.49
12/23/22,33203.93
12/26/22,
12/27/22,33241.56
12/28/22,32875.71
12/29/22,33220.8
12/30/22,33147.25
1/2/23,
1/3/23,33136.37
1/4/23,33269.77
1/5/23,32930.08
1/6/23,33630.61
1/9/23,33517.65
1/10/23,33704.1
1/11/23,33973.01
1/12/23,34189.97
1/13/23,34302.61
1/16/23,
1/17/23,33910.85
1/18/23,33296.96
1/19/23,33044.56
1/20/23,33375.49
1/23/23,33629.56
1/24/23,33733.96
1/25/23,33743.84
1/26/23,33949.41
1/27/23,33978.08
1/30/23,33717.09
1/31/23,34086.04
2/1/23,34092.96
2/2/23,34053.94
2/3/23,33926.01
2/6/23,33891.02
2/7/23,34156.69
2/8/23,33949.01
2/9/23,33699.88
2/10/23,33869.27
2/13/23,34245.93
2/14/23,34089.27
2/15/23,34128.05
2/16/23,33696.85
2/17/23,33826.69
2/20/23,
2/21/23,33129.59
2/22/23,33045.09
2/23/23,33153.91
2/24/23,32816.92
2/27/23,32889.09
2/28/23,32656.7
3/1/23,32661.84
3/2/23,33003.57
3/3/23,33390.97
3/6/23,33431.44
3/7/23,32856.46
3/8/23,32798.4
3/9/23,32254.86
3/10/23,31909.64
3/13/23,31819.14
3/14/23,32155.4
3/15/23,31874.57
3/16/23,32246.55
3/17/23,31861.98
3/20/23,32244.58
3/21/23,32560.6
3/22/23,32030.11
3/23/23,32105.25
3/24/23,32237.53
3/27/23,32432.08
3/28/23,32394.25
3/29/23,32717.6
3/30/23,32859.03
3/31/23,33274.15
4/3/23,33601.15
4/4/23,33402.38
4/5/23,33482.72
4/6/23,33485.29
4/7/23,
4/10/23,33586.52
4/11/23,33684.79
4/12/23,33646.5
4/13/23,34029.69
4/14/23,33886.47
4/17/23,33987.18
4/18/23,33976.63
4/19/23,33897.01
4/20/23,33786.62
4/21/23,33808.96
4/24/23,33875.4
4/25/23,33530.83
4/26/23,33301.87
4/27/23,33826.16
4/28/23,34098.16
5/1/23,34051.7
5/2/23,33684.53
5/3/23,33414.24
5/4/23,33127.74
5/5/23,33674.38
5/8/23,33618.69
5/9/23,33561.81
5/10/23,33531.33
5/11/23,33309.51
5/12/23,33300.62
5/15/23,33348.6
5/16/23,33012.14
5/17/23,33420.77
5/18/23,33535.91
5/19/23,33426.63
5/22/23,33286.58
5/23/23,33055.51
5/24/23,32799.92
5/25/23,32764.65
5/26/23,33093.34
5/29/23,
5/30/23,33042.78
5/31/23,32908.27
6/1/23,33061.57
6/2/23,33762.76
6/5/23,33562.86
6/6/23,33573.28
6/7/23,33665.02
6/8/23,33833.61
6/9/23,33876.78
6/12/23,34066.33
6/13/23,34212.12
6/14/23,33979.33
6/15/23,34408.06
6/16/23,34299.12
6/19/23,
6/20/23,34053.87
6/21/23,33951.52
6/22/23,33946.71
6/23/23,33727.43
6/26/23,33714.71
6/27/23,33926.74
6/28/23,33852.66
6/29/23,34122.42
6/30/23,34407.6
7/3/23,34418.47
7/4/23,
7/5/23,34288.64
7/6/23,33922.26
7/7/23,33734.88
7/10/23,33944.4
7/11/23,34261.42
7/12/23,34347.43
7/13/23,34395.14
7/14/23,34509.03
7/17/23,34585.35
7/18/23,34951.93
7/19/23,35061.21
7/20/23,35225.18
7/21/23,35227.69
7/24/23,35411.24
7/25/23,35438.07
7/26/23,35520.12
7/27/23,35282.72
7/28/23,35459.29
7/31/23,35559.53
8/1/23,35630.68
8/2/23,35282.52
8/3/23,35215.89
8/4/23,35065.62
8/7/23,35473.13
8/8/23,35314.49
8/9/23,35123.36
8/10/23,35176.15
8/11/23,35281.4
8/14/23,35307.63
8/15/23,34946.39
8/16/23,34765.74
8/17/23,34474.83
8/18/23,34500.66
8/21/23,34463.69
8/22/23,34288.83
8/23/23,34472.98
8/24/23,34099.42
8/25/23,34346.9
8/28/23,34559.98
8/29/23,34852.67
8/30/23,34890.24
8/31/23,34721.91
9/1/23,34837.71
9/4/23,
9/5/23,34641.97
9/6/23,34443.19
9/7/23,34500.73
9/8/23,34576.59
9/11/23,34663.72
9/12/23,34645.99
9/13/23,34575.53
9/14/23,34907.11
9/15/23,34618.24
9/18/23,34624.3
9/19/23,34517.73
9/20/23,34440.88
9/21/23,34070.42
9/22/23,33963.84
9/25/23,34006.88
9/26/23,33618.88
9/27/23,33550.27
9/28/23,33666.34
9/29/23,33507.5
10/2/23,33433.35
10/3/23,33002.38
10/4/23,33129.55
10/5/23,33119.57
10/6/23,33407.58
10/9/23,33604.65
10/10/23,33739.3
10/11/23,33804.87
10/12/23,33631.14
10/13/23,33670.29
10/16/23,33984.54
10/17/23,33997.65
10/18/23,33665.08
10/19/23,33414.17
10/20/23,33127.28
10/23/23,32936.41
10/24/23,33141.38
10/25/23,33035.93
10/26/23,32784.3
10/27/23,32417.59
10/30/23,32928.96
10/31/23,33052.87
11/1/23,33274.58
11/2/23,33839.08
11/3/23,34061.32
11/6/23,34095.86
11/7/23,34152.6
11/8/23,34112.27
11/9/23,33891.94
11/10/23,34283.1
11/13/23,34337.87
11/14/23,34827.7
11/15/23,34991.21
11/16/23,34945.47
11/17/23,34947.28
11/20/23,35151.04
11/21/23,35088.29
11/22/23,35273.03
11/23/23,
11/24/23,35390.15
11/27/23,35333.47
11/28/23,35416.98
11/29/23,35430.42
11/30/23,35950.89
12/1/23,36245.5
12/4/23,36204.44
12/5/23,36124.56
12/6/23,36054.43
12/7/23,36117.38
12/8/23,36247.87
12/11/23,36404.93
12/12/23,36577.94
12/13/23,37090.24
12/14/23,37248.35
12/15/23,37305.16
12/18/23,37306.02
12/19/23,37557.92
12/20/23,37082
12/21/23,37404.35
12/22/23,37385.97
12/25/23,
12/26/23,37545.33
12/27/23,37656.52
12/28/23,37710.1
12/29/23,37689.54
1/1/24,
1/2/24,37715.04
1/3/24,37430.19
1/4/24,37440.34
1/5/24,37466.11
1/8/24,37683.01
1/9/24,37525.16
1/10/24,37695.73
1/11/24,37711.02
1/12/24,37592.98
1/15/24,
1/16/24,37361.12
1/17/24,37266.67
1/18/24,37468.61
1/19/24,37863.8
1/22/24,38001.81
1/23/24,37905.45
1/24/24,37806.39
1/25/24,38049.13
1/26/24,38109.43
1/29/24,38333.45
1/30/24,38467.31
1/31/24,38150.3
2/1/24,38519.84
2/2/24,38654.42
2/5/24,38380.12
2/6/24,38521.36
2/7/24,38677.36
2/8/24,38726.33
2/9/24,38671.69
2/12/24,38797.38
2/13/24,38272.75
2/14/24,38424.27
2/15/24,38773.12
2/16/24,38627.99
2/19/24,
2/20/24,38563.8
2/21/24,38612.24
2/22/24,39069.11
2/23/24,39131.53
2/26/24,39069.23
2/27/24,38972.41
2/28/24,38949.02
2/29/24,38996.39
3/1/24,39087.38
3/4/24,38989.83
3/5/24,38585.19
3/6/24,38661.05
3/7/24,38791.35
3/8/24,38722.69
3/11/24,38769.66
3/12/24,39005.49
3/13/24,39043.32
3/14/24,38905.66
3/15/24,38714.77
3/18/24,38790.43
3/19/24,39110.76
3/20/24,39512.13
3/21/24,39781.37
3/22/24,39475.9
3/25/24,39313.64
3/26/24,39282.33
3/27/24,39760.08
3/28/24,39807.37
3/29/24,
4/1/24,39566.85
4/2/24,39170.24
4/3/24,39127.14
4/4/24,38596.98
4/5/24,38904.04
4/8/24,38892.8
4/9/24,38883.67
4/10/24,38461.51
4/11/24,38459.08
4/12/24,37983.24
4/15/24,37735.11
4/16/24,37798.97
4/17/24,37753.31
4/18/24,37775.38
4/19/24,37986.4
4/22/24,38239.98
4/23/24,38503.69
4/24/24,38460.92
4/25/24,38085.8
4/26/24,38239.66
4/29/24,38386.09
4/30/24,37815.92
5/1/24,37903.29
5/2/24,38225.66
5/3/24,38675.68
5/6/24,38852.27
5/7/24,38884.26
5/8/24,39056.39
5/9/24,39387.76
5/10/24,39512.84
5/13/24,39431.51
5/14/24,39558.11
5/15/24,39908
5/16/24,39869.38
5/17/24,40003.59
5/20/24,39806.77
5/21/24,39872.99
5/22/24,39671.04
5/23/24,39065.26
5/24/24,39069.59
5/27/24,
5/28/24,38852.86
5/29/24,38441.54
5/30/24,38111.48
5/31/24,38686.32
6/3/24,38571.03
6/4/24,38711.29
6/5/24,38807.33
6/6/24,38886.17
6/7/24,38798.99
6/10/24,38868.04
6/11/24,38747.42
6/12/24,38712.21
6/13/24,38647.1
6/14/24,38589.16
6/17/24,38778.1
6/18/24,38834.86
6/19/24,
6/20/24,39134.76
6/21/24,39150.33
6/24/24,39411.21
6/25/24,39112.16
6/26/24,39127.8
6/27/24,39164.06
6/28/24,39118.86
7/1/24,39169.52
7/2/24,39331.85
7/3/24,39308
7/4/24,
7/5/24,39375.87
7/8/24,39344.79
7/9/24,39291.97
7/10/24,39721.36
7/11/24,39753.75
7/12/24,40000.9
7/15/24,40211.72
7/16/24,40954.48
7/17/24,41198.08
7/18/24,40665.02
7/19/24,40287.53
7/22/24,40415.44
7/23/24,40358.09
7/24/24,39853.87
7/25/24,39935.07
7/26/24,40589.34
7/29/24,40539.93
7/30/24,40743.33
7/31/24,40842.79
8/1/24,40347.97
8/2/24,39737.26
8/5/24,38703.27
8/6/24,38997.66
8/7/24,38763.45
8/8/24,39446.49
8/9/24,39497.54
8/12/24,39357.01
8/13/24,39765.64
8/14/24,40008.39
8/15/24,40563.06
8/16/24,40659.76
8/19/24,40896.53
8/20/24,40834.97
8/21/24,40890.49
8/22/24,40712.78
8/23/24,41175.08
8/26/24,41240.52
8/27/24,41250.5
8/28/24,41091.42
8/29/24,41335.05
8/30/24,41563.08
9/2/24,
9/3/24,40936.93
9/4/24,40974.97
9/5/24,40755.75
9/6/24,40345.41
9/9/24,40829.59
9/10/24,40736.96
9/11/24,40861.71
9/12/24,41096.77
9/13/24,41393.78
9/16/24,41622.08
9/17/24,41606.18
9/18/24,41503.1
9/19/24,42025.19
9/20/24,42063.36
9/23/24,42124.65
9/24/24,42208.22
9/25/24,41914.75
9/26/24,42175.11
9/27/24,42313
9/30/24,42330.15
10/1/24,42156.97
10/2/24,42196.52
10/3/24,42011.59
10/4/24,42352.75
10/7/24,41954.24
10/8/24,42080.37
10/9/24,42512
10/10/24,42454.12
10/11/24,42863.86
10/14/24,43065.22
10/15/24,42740.42
10/16/24,43077.7
10/17/24,43239.05
10/18/24,43275.91
10/21/24,42931.6
10/22/24,42924.89
10/23/24,42514.95
10/24/24,42374.36
10/25/24,42114.4
10/28/24,42387.57
10/29/24,42233.05
10/30/24,42141.54
10/31/24,41763.46
11/1/24,42052.19
11/4/24,41794.6
11/5/24,42221.88
11/6/24,43729.93
11/7/24,43729.34
11/8/24,43988.99
11/11/24,44293.13
11/12/24,43910.98
11/13/24,43958.19
11/14/24,43750.86
11/15/24,43444.99
11/18/24,43389.6
11/19/24,43268.94
11/20/24,43408.47
11/21/24,43870.35
11/22/24,44296.51
11/25/24,44736.57
11/26/24,44860.31
11/27/24,44722.06
11/28/24,
11/29/24,44910.65
12/2/24,44782
12/3/24,44705.53
12/4/24,45014.04
12/5/24,44765.71
12/6/24,44642.52
12/9/24,44401.93
12/10/24,44247.83
12/11/24,44148.56
12/12/24,43914.12
12/13/24,43828.06
12/16/24,43717.48
12/17/24,43449.9
12/18/24,42326.87
12/19/24,42342.24
12/20/24,42840.26
12/23/24,42906.95
12/24/24,43297.03
12/25/24,
12/26/24,43325.8
12/27/24,42992.21
12/30/24,42573.73
12/31/24,42544.22
1/1/25,
1/2/25,42392.27
1/3/25,42732.13
1/6/25,42706.56
1/7/25,42528.36
1/8/25,42635.2
1/9/25,
1/10/25,41938.45
1/13/25,42297.12
1/14/25,42518.28
1/15/25,43221.55
1/16/25,43153.13
1/17/25,43487.83
1/20/25,
1/21/25,44025.81
1/22/25,44156.73
1/23/25,44565.07
1/24/25,44424.25
1/27/25,44713.58
1/28/25,44850.35
1/29/25,44713.52
1/30/25,44882.13
1/31/25,44544.66
2/3/25,44421.91
2/4/25,44556.04
2/5/25,44873.28
2/6/25,44747.63
2/7/25,44303.4
2/10/25,44470.41
2/11/25,44593.65
2/12/25,44368.56
2/13/25,44711.43
2/14/25,44546.08
2/17/25,
2/18/25,44556.34
2/19/25,44627.59
2/20/25,44176.65
2/21/25,43428.02
2/24/25,43461.21
2/25/25,43621.16
2/26/25,43433.12
2/27/25,43239.5
2/28/25,43840.91
3/3/25,43191.24
3/4/25,42520.99
3/5/25,43006.59
3/6/25,42579.08
3/7/25,42801.72
3/10/25,41911.71
3/11/25,41433.48
3/12/25,41350.93
3/13/25,40813.57
3/14/25,41488.19
3/17/25,41841.63
3/18/25,41581.31
3/19/25,41964.63
3/20/25,41953.32
3/21/25,41985.35
3/24/25,42583.32
3/25/25,42587.5
3/26/25,42454.79
3/27/25,42299.7
3/28/25,41583.9
3/31/25,42001.76
4/1/25,41989.96
4/2/25,42225.32
4/3/25,40545.93
4/4/25,38314.86
4/7/25,37965.6
4/8/25,37645.59
4/9/25,40608.45
4/10/25,39593.66
4/11/25,40212.71
4/14/25,40524.79
4/15/25,40368.96
4/16/25,39669.39
4/17/25,39142.23
4/18/25,
4/21/25,38170.41
4/22/25,39186.98
4/23/25,39606.57
4/24/25,40093.4
4/25/25,40113.5
4/28/25,40227.59
4/29/25,40527.62
4/30/25,40669.36
5/1/25,40752.96
5/2/25,41317.43
5/5/25,41218.83
5/6/25,40829
5/7/25,41113.97
5/8/25,41368.45
5/9/25,41249.38
5/12/25,42410.1
5/13/25,42140.43
5/14/25,42051.06
5/15/25,42322.75
5/16/25,42654.74
5/19/25,42792.07
5/20/25,42677.24
5/21/25,41860.44
5/22/25,41859.09
5/23/25,41603.07
5/26/25,
5/27/25,42343.65
5/28/25,42098.7
5/29/25,42215.73
5/30/25,42270.07
6/2/25,42305.48
6/3/25,42519.64
6/4/25,42427.74
6/5/25,42319.74
6/6/25,42762.87
6/9/25,42761.76
6/10/25,42866.87
6/11/25,42865.77
6/12/25,42967.62
6/13/25,42197.79
6/16/25,42515.09
6/17/25,42215.8
6/18/25,42171.66
6/19/25,
6/20/25,42206.82
6/23/25,42581.78
6/24/25,43089.02
6/25/25,42982.43
6/26/25,43386.84
6/27/25,43819.27
6/30/25,44094.77
7/1/25,44494.94
7/2/25,44484.42
7/3/25,44828.53
7/4/25,
7/7/25,44406.36
7/8/25,44240.76
7/9/25,44458.3
7/10/25,44650.64
7/11/25,44371.51
7/14/25,44459.65
7/15/25,44023.29
7/16/25,44254.78
7/17/25,44484.49
7/18/25,44342.19
7/21/25,44323.07
7/22/25,44502.44
7/23/25,45010.29
7/24/25,44693.91
7/25/25,44901.92
7/28/25,44837.56
7/29/25,44632.99
7/30/25,44461.28
7/31/25,44130.98
8/1/25,43588.58
8/4/25,44173.64
8/5/25,44111.74
8/6/25,44193.12
8/7/25,43968.64
8/8/25,44175.61
8/11/25,43975.09
8/12/25,44458.61
8/13/25,44922.27
8/14/25,44911.26
8/15/25,44946.12
8/18/25,44911.82
8/19/25,44922.27
8/20/25,44938.31
8/21/25,44785.5
8/22/25,45631.74
8/25/25,45282.47
8/26/25,45418.07
8/27/25,45565.23
8/28/25,45636.9
8/29/25,45544.88
9/1/25,
9/2/25,45295.81
9/3/25,45271.23
9/4/25,45621.29
9/5/25,45400.86
9/8/25,45514.95
9/9/25,45711.34
9/10/25,45490.92
9/11/25,46108
9/12/25,45834.22
9/15/25,45883.45
9/16/25,45757.9